{
	"id": "fake Su",
	"events": [
		{
			"timestamp": 1620830813593,
			"idQuestionnaire": "fake q",
			"idSurveyUnit": "fake Su",
			"category": "orchestrator",
			"type": "click",
			"id": "next-button",
			"page": "14.9#2",
			"userAgent": "Mozilla/5.0 (Windows NT 10.0; Win64; x64) AppleWebKit/537.36 (KHTML, like Gecko) Chrome/86.0.4240.75 Safari/537.36"
		},
		{
			"timestamp": 1620830814960,
			"idQuestionnaire": "fake q",
			"idSurveyUnit": "fake Su",
			"category": "orchestrator",
			"type": "click",
			"id": "previous-button",
			"page": "14.10#2",
			"userAgent": "Mozilla/5.0 (Windows NT 10.0; Win64; x64) AppleWebKit/537.36 (KHTML, like Gecko) Chrome/86.0.4240.75 Safari/537.36"
		}
	]
}