{
	"id": "fake Su",
	"events": [
		{
			"timestamp": 1620830551044,
			"idQuestionnaire": "fake q",
			"idSurveyUnit": "fake Su",
			"category": "orchestrator",
			"type": "click",
			"id": "next-button",
			"page": "3",
			"userAgent": "Mozilla/5.0 (Windows NT 10.0; Win64; x64) AppleWebKit/537.36 (KHTML, like Gecko) Chrome/86.0.4240.75 Safari/537.36"
		},
		{
			"timestamp": 1620830552623,
			"idQuestionnaire": "fake q",
			"idSurveyUnit": "fake Su",
			"category": "orchestrator",
			"type": "click",
			"id": "assistance-button",
			"page": "4",
			"userAgent": "Mozilla/5.0 (Windows NT 10.0; Win64; x64) AppleWebKit/537.36 (KHTML, like Gecko) Chrome/86.0.4240.75 Safari/537.36"
		},
		{
			"timestamp": 1620830554170,
			"idQuestionnaire": "fake q",
			"idSurveyUnit": "fake Su",
			"category": "orchestrator",
			"type": "click",
			"id": "disagree-assistance-modal-button",
			"page": "4",
			"userAgent": "Mozilla/5.0 (Windows NT 10.0; Win64; x64) AppleWebKit/537.36 (KHTML, like Gecko) Chrome/86.0.4240.75 Safari/537.36"
		}
	]
}