{
	"id": "fake Su",
	"events": [
		{
			"timestamp": 1620831034687,
			"idQuestionnaire": "fake q",
			"idSurveyUnit": "fake Su",
			"category": "orchestrator",
			"type": "click",
			"id": "next-button",
			"page": "15",
			"userAgent": "Mozilla/5.0 (Windows NT 10.0; Win64; x64) AppleWebKit/537.36 (KHTML, like Gecko) Chrome/86.0.4240.75 Safari/537.36"
		},
		{
			"timestamp": 1620831036467,
			"idQuestionnaire": "fake q",
			"idSurveyUnit": "fake Su",
			"category": "orchestrator",
			"type": "click",
			"id": "validate-button",
			"page": "validationPage",
			"userAgent": "Mozilla/5.0 (Windows NT 10.0; Win64; x64) AppleWebKit/537.36 (KHTML, like Gecko) Chrome/86.0.4240.75 Safari/537.36"
		}
	]
}